"Description","Name","Identifier","Email"
"ATM withdrawal for $50 from Bank of America (123456) for John Smith - john.smith@example.com","John Smith","123456","john.smith@example.com"
"Online purchase of $100 from Amazon.com (987654) for Jane Doe - jane.doe@example.com","Jane Doe","987654","jane.doe@example.com"
"Transfer of $1,000 to Ally Savings account (654321) for John Smith - john.smith@example.com","John Smith","654321","john.smith@example.com"
"Direct deposit from Acme Corporation for $2,500 (246810) for Jane Doe","Jane Doe","246810",
"Payment of$150 for PG&E utilities (864201) for John Smith - john.smith@example.com","John Smith","864201","john.smith@example.com"
"Payment of$99 for Verizon phone service (162830) for Jane Doe - jane.doe@example.com","Jane Doe","162830","jane.doe@example.com"
"Purchase of$75 at Safeway grocery store (431256) for John Smith - john.smith@example.com","John Smith","431256","john.smith@example.com"
"Gas purchase of $40 at Chevron station (734560) for Jane Doe - jane.doe@example.com","Jane Doe","734560","jane.doe@example.com"
"Dinner at Chili's restaurant for $50 (102938) for John Smith - john.smith@example.com","John Smith","102938","john.smith@example.com"
"Movie ticket purchase for $12 at AMC Theater (846392) for Jane Doe","Jane Doe","846392",
"ATM withdrawal for $100 from Bank of America (135792) for John Smith - john.smith@example.com","John Smith","135792","john.smith@example.com"
"Online purchase of $200 from Amazon.com (975318) for Jane Doe - jane.doe@example.com","Jane Doe","975318","jane.doe@example.com"
"Transfer of $2,000 to Ally Savings account (753198) for John Smith - john.smith@example.com","John Smith","753198","john.smith@example.com"
"Direct deposit from Acme Corporation for $5,000 (846327) for Jane Doe","Jane Doe","846327",
"Payment of$300 for PG&E utilities (934501) for John Smith - john.smith@example.com","John Smith","934501","john.smith@example.com"
"Payment of$198 for Verizon phone service (162738) for Jane Doe - jane.doe@example.com","Jane Doe","162738","jane.doe@example.com"
"Purchase of$150 at Safeway grocery store (436528) for John Smith - john.smith@example.com","John Smith","436528","john.smith@example.com"